Keyword,Text Phrase
1 ui samsung,samsung one ui
120hz mobile games,mobile games with refresh rate 120hz
2019 flagship phones,flagship phones from year 2019
2019 small android phones,small android phones from year 2019
2g play store download,download from play store in 2g connection
2nd phone number app,app to make a second phone number
3 android phone,3 inch android phone
3 mobile upgrades deals,3 upgrade deals for mobile
3 pixel phones,the google pixel 3 phone
3a mobile,the google pixel 3a phone
4 mobile phones,4 inch mobile phone
45w fast charger samsung,45w fast charger for samsung phones
5 best android phones,best 5 android phones
512 micro sd card for note 9,micro sd cards with 512gb capacity for note 9
9 phones,phones running on android 9
a good android phone,a usable android phone
a good cell phone,a cell phone in good quality
a good smartphone,a usable smartphone with good quality
a motorola,a motorola phone
a phone online,a phone with internet connectionj
a rooted device,a device with root access enabled
aaps wifi password,wifi password for aaps
access android root from pc,getting android root access with pc
accessories for google pixel 2,accessories comes with google pixel 2
accessories for motorola g7,accessories comes with motorola g7
acr recorder android pie,acr recorder app for android pie version
action memo note 8,Action memo feature in samsung galaxy note 8
activate screen call pixel 3,activate screen call feature in google pixel 3
add boarding pass to google pay,add boarding pass to google pay app
add boarding pass to google wallet,add boarding pass to google wallet app
add google play to fire tablet,install google playstore to amazon fire tablet
add speed camera to google maps,turn on speed camera alerts in google maps
add youtube tv to vizio smart tv,install youtube tv app to vizio smart tv
adobe portrait,adobe portrait feature
advantages of iphone,benifits of the iphone
adx developer,adx mobile softwear development community
adx forum,adx developers forum
affordable photographers near me,affordable photographers near my location
affordable photoshoot,affordable photographers 
after rooting,after rooting android
akg stereo headset note 10,akg stereo headset for galaxy note 10
alexa nvidia shield skill,alexa skills in nvidia shield tv
alexa on nvidia shield,alexa compatability in nvidia shield
alexa on samsung gear s3,set up alexa on samsumg gear s3 smart watch
alexa on sony tv,alexa compatability in sony tv
alexa samsung galaxy watch,set up alexa on samsumg galaxy smart watch
all about android phones,all about the android mobile phones
all android mobile phone,all about the android mobile phones
all android mobiles,all android mobile phones
all apps android,all apps for android
all apps mobile,all the apps for mobile
all apps on this phone,all the apps for this phones
all motorola android phones,all motorola phones with android operating system
all new android phones,all brand new android phones
all phone update,updates for all the phones
always on display s9 plus,access always on display setting in galaxy s9 plus
amazing android phones,best phones with android operating system
amazing portraits photography,amazing photography on portrait mode
amazing smartphones,best smartphones
amazon cloud cam multiple users,log in to cloud cam app from multiple amazon accounts
amazon echo nvidia shield,amamon echo in the nvidia shield
amazon fire install google play,install google playstore to amazon fire tablet
amazon fire tablet google play store,play store on the amazon fire hd tablet
amazon music available countries,coutries that amazon music available on
amazon music for nvidia shield,using amazon music on nvidia shield
amazon music unlimited countries,unlock amazon music on all the countries
amazon prime pubg mobile,playing pubg mobile on amazon prime
amd cpu android emulator,creating android emulator with amd cpu
android 10 beta note 10,android 10 beta on the note 10
android 10 dual sim,dual sim support on android 10
android 10 galaxy s10,android 10 on galaxy s10
android 10 price,price of android 10 running phone
android 10 samsung s10 plus,android 10 on samsung s10 plus
android 2.1 apps,apps android version 2.1
android 4 devices,devices running android 4
android 4 phones,phones running on android 4
android 6 play store apk,play store apk for android 6
android 6.0 oppo a37,oppo a37 running on android 6.0
android 7 root,rooting android 7 devices
android 7.0 smartphone,smartphones on android version 7.0
android 9 call recording issue,issues related to call recording on android 9
android 9 lg g7,lg g7 running on android 9
android 9 location accuracy,accuracy of accessing location on android 9
android 9 phone recording,recording phone on android 9 devices
android 9 pie features samsung,features of android pie samsung devices
android 9 pie samsung galaxy tab s3,samsung galaxy tab s3 running on android 9 pie
android 9 sony xa2,android 9 for sony xa2
android 9 sony xperia xz1,android 9 for sony xz1
android 9 ui 1.0,one ui based on android 9
android 9.0 call recording,recording calls in android 9
android advice,advices on android
android and google,android os and the company google
android and huawei news,news about android and huawei
android and smartphone,about android and smartphone
android app clock,clock app on android
android app for samsung smart tv,samsung smart tv android  apps
android app forum,forum about android app
android app news,news about android
android app update download pending,pending update download for android app
android app xda,xda app for android
android application installation,installing applications on android
android application store,application store for android
android apps on tv,android apps support tv
android apps review,reviews on android apps
android apps to have,needed android apps
android archive text messages,archive text messages on android device
android authority forum,forum by android authority
android backup sms messages,backup sms messages from android
android best calendar app,best calendar app for android
android best clock widget,best clock widget for android
android boot loop no recovery,can not get into recovery from boot loop on android
android brillo,android brillo os
android cell phone reviews,reviews about android cell phone
android cell phones 2019,android cell phones from 2019
android central news,news about android central
android central pixel 3,android central writing about pixel 3
android central root,articles about root in android central
android chromecast screen mirroring,mirror android screen with cromecast
android clock widgets,clock widgets for android
android contest,android developer challenge
android dark theme apps,android apps with dark theme
android dev forum,android development forum
android dev phone,android development phone
android developed by,developer of android
android developer community forums,forum for android developer community
android developer xda,android developers of xda
android developers options,options for android developers
android development forum,forum about android development
android device apps,apps for android devices
android device mobile,mobile android devices
android device update,updates for android devices
android devices list,list of android devices
android discussion forum,forum for discuss things about android
android dual sim phone,android phone with duel sim feature
android emulator for amd processor,emulating android emulator in amd processors
android export contacts to iphone,export contacts from android to iphone
android export text messages,export text messages from android
android firmware update,update firmware on android
android flip phone,android phones which can flip
android fly gps pokemon go,pokemon go on android with fly gps
android for life,life with android
android for nokia,nokia android phone
android forum for mobile phones,forum for android mobile phones
android forum uk,android forum for uk
android forum xda,xda android forum
android from google,google owns android
android gmail black theme,black theme for gmail in android
android google assistant disable,how to disable google assistant android
android google play store download pending,pending downloads in android google play store
android gps apk,apk file for gps in android
android import contacts from iphone,how to import contacts from iphone to android
android in auto,android in vehicle
android internal test track,internal test track of android development
android into iphone,installing android to iphone
android iot devices,iot devices with android
android latest firmware,latest firmware of android
android latest operating system,the latest android operating system
android latest technology news,news about latest android technology
android manage passwords,manage passwords in android
android market update download,download update for android market
android messages app backup,android app for backup messages
android mobile application,applications for android mobile
android mobile boarding pass,adding boarding pass from android mobile
android mobile brands,brands of android mobile
android mobile developer,developer of android mobile
android mobile list,list of android mobile
android mobile news,news about android mobile
android mobile online,being online with android mobile
android mobile phones to buy,which android mobile phones are to buy
android mobile root,rooting android mobile
android mobile root app,app to root android mobile
android mobile wifi password show,show wifi password on android mobile
android n,android n version
android new mobile phone,new android mobile phone
android new mobiles,new android mobile phones
android new phone 2019,new android phone from 2019
android new technologies,new technologies of android
android news blog,blog about android news
android news today,today android news
android news update,news updates about android
android news websites,news websites about android
android no sound without headphones,no sounds comming without headphones on android
android o,android o vertion
android on samsung,samsung with android
android one ui pie,android one ui feature in android version pie
android one verizon,android one with verizon
android oreo for sony tv,sony tv with android oreo
android os tablet,tablets with android os
android os updates,os updates for android
android p for oneplus 3,android version p for oneplus 3
android p for oneplus 3t,android version p for oneplus 3t
android p phones,phones with android version p
android password keeper,password keeper for android
android password manager fingerprint,password manager for android with fingerprint option
android password managers,password managers for android
android phone and tablet,phone and tablet running android
android phone calendar,calendar on android phone
android phone features,features of android phone
android phone for gaming,gaming android phone
android phone for kids,kids android phone
android phone forum,forum about android phone
android phone models,models of android phone
android phone news,news about android phone
android phone not sending pictures,can not send pictures from android phone
android phone operating system,operating system of android phone
android phone os,os of android phone
android phone photography,photograpy from android phone
android phone recommendations,recommeded android phones
android phone release,release of android phone
android phone reviews 2019,reviews about android phone in 2019
android phone root app,app to root android app
android phone root software,software to root android phone
android phone sales,sales of android phone
android phone search,search for android phone
android phone show wifi password,show wifi password on android phone
android phone top 10,top 10 android phone
android phone updates,updating android phone
android phone website,website for android phone
android phone with best camera,android phone with the best camera
android phone with best gps,android phone with the best gps
android phone with keyboard,phone with keyboard running android
android phone wont send picture messages,will not send picture messages from android phone
android phones 2015,android phones from 2015
android phones coming soon,android phones soon releasing
android phones with good camera,android phones with usable camera
android photography school,school for android photography
android pie call recording apps,call recording apps for android pie
android pie samsung update,samsung update for android pie
android pixel 4,android pixel 4 phone
android pixel xl,android pixel xl phone
android pokemon go hacks,hacks for pokemon go in android
android police apk play store,apk for android police in play store
android police rss,rss feed for android police
android pre register games,android games that need to pre register
android programming forum,forum about android programming
android programs,programs for android
android q pixel beta,beta android q for pixel
android recover wifi password,recover wifi password from android
android remove google assistant,remove google assistant from android
android reorder home screens,recorder to record home screens of android
android restore sms from backup,restore sms from a android backup
android reveal wifi password,reveal wifi password from android
android rom forum,forum about android rom
android root os,root android os
android root permission,root permission for android
android root samsung,root samsung android
android root security,security of rooting android
android root software for pc,software for pc that can root android
android root system,root system for android
android root tool,tool to root android
android root unlock,unlock root on android
android root user,users of android root
android root website,website about root android
android samsung phones,samsung phones with android
android save sms to file,save sms from an android to a file
android screenshot s6,getting screenshot of s6
android screenshot samsung s9,getting screenshot of android samsung s9
android sda,using sda on android
android show wifi password no root,show wifi password on android without root
android smartphone 2018,android smartphone from 2018
android smartphone apps,apps for android smartphone
android smartphone cheap,cheap android smartphone
android smartphone comparison,comparison of android smartphone
android smartphone list,list of android smartphone
android smartphone news,news about android smartphone
android smartphone review,reviews for android smartphone
android smartphones 2018,android smartphones released in 2018
android sms backup app,sms backup apps for android
android sms backup to gmail,how to backup sms to gmail in android
android soft brick,soft bricking of android
android softwares,softwares for android
android spoof app,spoof app for android
android spying,spying using android
android studio emulator for amd,running android studio emulator on amd cpu
android support forum,support forum for android
android sync sms,how to sync sms in android
android system moisture has been detected,detection of moisture from android system
android system updates,system updates for android
android tablet news,news about android tablet
android tablet operating system,operating system of android tablet
android task killer,task killer for android
android tech news,tech news about android
android telephone app,telephone app for android
android telephones,telephones running android
android thesis,thesis about android
android to samsung,samsung with android
android top 10 mobiles,top 10 android mobiles
android tv teamviewer,teamviewer for android tv
android tv with google assistant,google assistant in android tv
android update for samsung,update for samsung running android
android version 9 call recorder,call recorder app for android version 9
android wifi pass,wifi pass on android
android with 3 cameras,android phones with 3 cameras
android xcd,xcd driver for android
android xiaomi redmi,xiaomi redmi android phone
android's 10 most exciting apps,most exciting apps for android 10
androids phones,phones with android
androids with best cameras,android phones with the best cameras
androids with good cameras,android phones with good cameras
androids with the best camera,android phones with the best camera
anker roav viva review,review of anker roav viva
antivirus samsung s9,antivirus for samsung s9
antutu exynos 9810,antutu score of exynos 9810
any phones,phones in any model
any updates for my phone,available updates in my phone
apk android hack,apk for hack android phone
apk for android phone,apks for android phones
apn change,change the apn
apn not saving,not saving the apn
app find phone,app to find the phone
app for calendar,calender apps for smart phone
app for mobile phone,app compatible with mobile phone
app for my phone,app compatible with my phone
app for new phone number,apps to find new phone numbers
app for passwords android,passwords app for android
app for pokemon go hack,mobile apps to hack pokemon go
app for root phone,app work for root phone
app for smartphone,samrtphone mobile apps
app for wifi password,apps to find wifi passwords
app for your phone,app compatible with your phone
app free phone number,an app offer a free phone number
app iphone ipad,apps for iphone and ipad
app mobiles,mobiles with app
app on the phone,app installed on the phone
app on this phone,app installed on this phone
app pok√©mon go,the pokemon go app
app store for lg phone,lg phone's app store
app store for samsung galaxy,samsung galaxy phone's app store
app store for windows phone,windows phone's app store
app store pokemon go,app store with pokemon go
app to block all incoming calls,app which can block all incoming calls
app to copy contacts from iphone to android,an app which can copy cantacts to android from iphone
app to find pokemon,app that can find pokemon
app to find wifi password android,find wifi password from android using an app
app to get a new phone number,get a new phone number using an app
app to move contacts from iphone to android,an app which can move contacts from iphone to android
app to save text messages android,save text messages on android using an app
apple ipad latest update,latest update for apple ipad
apple iphone launcher,launcher for apple iphone
apple iphone software updates,software updates for apple iphone
apple iphone users,users of apple iphone
apple news android,news about apple and android
application cell phone,cell phone application
application for mobile phone,application compatible with mobile phone
application for my phone,application compatible with my phone
application for rooting android phone,application that can root android phone
application for windows phone,application compatible with windows phone
application of mobile,application compatible with mobile
application of smartphone,application compatible with smartphone
application to transfer contacts from iphone to android,application which can transfer contacts from iphone to android
applications of android,applications for android
apps for my android phone,apps compatible with my android phone
apps for new android phone,apps that can used in new android phone
apps for rooted android devices,apps that can be used in rooted android devices
apps for rooted device,apps compatible with rooted devices
apps for tablets,apps compatible for tablets
apps for windows mobile,apps compatible for windows mobile
apps installed on my phone,installed apps on my phone
apps keep moving back to internal storage,apps always move back to the internal storage
apps on a phone,apps installed on a phone
apps to get on your phone,apps that can get on your phone
apps to get wifi password,apps to obtain wifi password
apps to know wifi password,know wifi password from apps
apps to root android without pc,root android using apps without pc
apps with different phone number,apps that can used to get different phone number
apps you need on your phone,apps need to be installed on your phone
archive texts android,archive texts on android
art portraits photography,art of portraits photography
artistic photo ideas,artistic ideas to get photos
artistic photographers,photographers with artistic ability
artistic photoshoot,photoshoot with artistic sense
artistic portraits photography,photographs for artistic portraits
artsy photo ideas,photo with artsy ideas
assistant android app,android app for assistant
assistant driving mode,driving mode on assistant
asus max pro m2 camera review,review on asus max pro m2's camera
asus max pro m2 camera sample,sample of asus max pro m2's camera
asus zenfone 5q oreo update,oreo update for asus zenfone 5q
asus zenfone 6 vs xiaomi mi 9,comparison of asus zenfone 6 and xiomi mi 9
asus zenfone max pro 2 review,review on asus max pro m2
asus zenfone max pro m2 complaints,complaints on asus max pro m2
asus zenfone max pro m2 feedback,feedback on asus max pro m2
asus zenfone max pro m2 full review,full review on asus zenfone max pro m2
asus zenfone max pro m2 reviews,reviews of asus max pro m2
asus zenfone max pro m2 user review,user review on asus zenfone max pro m2
asus zenfone max pro m2 vs xiaomi note 7,comparison of asus zenfone max pro m2 and xiaomi note 7
asus zenfone max pro vs redmi note 7,comparison of asus zenfone max pro and redmi note 7
at&t galaxy note 10 release date,release date of at&t galaxy note 10
at&t mobile security app,mobile security app of at&t
at&t samsung note 10 release date,release date of at&t samsung note 10
audio jack in oneplus 6t,oneplus 6t presence of audio jack
auto connect to home wifi,connect auto to the home wifi
available updates for my phone,updates available for my phone
axd developers,developers at axd
backing up sms messages on android,backup messages and sms on android
backslash android,backslash on android
backup contacts from iphone to android,backup contacts to android from iphone
backup google messages app,backup messages app by google
backup messages to google drive,use google drive to backup messages
backup mms android,backup mms on android
backup sms on android,backup sms on the android phone
backup sms on google drive,backup sms on to the google drive
backup sms to google account,backup sms with the google drive
backup text messages google,backup text messages to the google account
backup texts to gmail,backup text to the gmail app
backup wifi passwords android,backup wifi passwords on android device
backup your phone,backup the data on your phone
baldur's gate 2 google play,baldur's gate 2 app on the google play store
basic android mobile phones,android mobile phones with basic features
basic photography skills,basic skills in photography
basic photography techniques,basic techniques on photography
batman dark knight android,play batman dark knight on android
battery drain samsung s7,running out of battery in samsung s7
beautiful photography books,books about beautiful photography
beauty session photography near me,photography with beauty session near me
become a professional photographer,become a photographer as the profession
beginner photography kit,beginner kit for photography
beginner photography portfolio ideas,portfolio ideas for photography as a beginner
beginner photography projects,projects on photography as a beginner
beginner portrait photography,portrait photography by beginner
beginners photography class,class for beginners level photography
beginning digital photography,starting digital photography
being a photographer,living as a photographer
best 350 dollar phone,best phones in  350 dollars price range
best 400 euro phone,best phones in 400 euro price range
best 5 inch android phone,best android phones with 5 inch display size
best affordable android phone,best android phone that is affordable
best and cheapest android phone,android phone that is best and the cheapest
best and latest android phone,latest android phone which is the best
best android 4g phone,best android phones with 4g
best android app for smart tv,best android app to use in smart tv
best android applications,best applications for android
best android apps 2018 uk,2018 best android apps in uk
best android apps for chrome os,best android apps that are campatible with chrome os
best android apps for chromebook 2018,best android apps available in chromebook in 2018
best android apps on chromebook,best android apps available on chromebook
best android apps outside google play,best android apps not present in google play
best android cell phone 2019,best android cell phone in 2019
best android cell phone deals,best deals for android cell phone
best android cell phones 2018,best android cell phones in 2018
best android developer phone,best android phone for developer
best android for developers,developers choice of android
best android for pokemon go,best android to play pokemon go
best android forum,best forum about android
best android gaming phone,best gaming phone for android
best android handset,best handset for android
best android in the market,best android available in the market
best android mobile apps,best mobile apps for android
best android mobile phone deals,best deals for android mobile phone
best android mobile to buy,best android mobile phone to buy
best android news,best news about android
best android news site,best site for news about android
best android phone 2015,best android phone from 2015
best android phone 2016,best android phone from 2016
best android phone 2017,best android phone from 2017
best android phone 2018 australia,best android phone from 2018 in australia
best android phone 2019 australia,best android phone from 2019 in australia
best android phone 2019 canada,best android phone from 2019 in canada
best android phone 2019 uk,best android phone from 2019 in uk
best android phone 2019 under 400,best android phone from 2019 under 400
best android phone available now,best android phone which is available now
best android phone brand,best brand of android phone
best android phone camera 2019,android phone with the best camera in 2019
best android phone comparison,comparison of best android phone
best android phone currently,currently available best android phone
best android phone deal,best deal for android phone
best android phone ever,best android phone ever made
best android phone for 2019,best android phone from year 2019
best android phone for app development,best android phone suited for app development
best android phone for business,best android phone suited for business
best android phone for ladies,best android phone suited for ladies
best android phone for pictures,best android phone suited for pictures
best android phone for pokemon go,best android phone suited for pokemen go
best android phone for price,best android phone for its price
best android phone for rooting,best android phone suited for rooting
best android phone for security,best android phone built for security
best android phone for the money,best android phone for the money it need
best android phone for verizon,best android phone of verizon phones
best android phone for work,best android phone suited for work
best android phone in 2019,best android phone available in 2019
best android phone in market now,best android phone available in the market now
best android phone in the world,best android phone on the world
best android phone list,list of best android phone
best android phone motorola,best motorola android phone
best android phone not samsung,best android phone otherthan samsung
best android phone of 2019,best android phone from 2019
best android phone of the year,best android phone of this year
best android phone on the market right now,best android phone available on the market right now
best android phone on the market today,best android phone available on the market today
best android phone out now,best android phone already out now
best android phone out right now,best android phone already out right now
best android phone review,review of the best android phone
best android phone reviews,reviews about best android phone
best android phone till date,best android phone till the date
best android phone till now,best android phone till right now
best android phone to buy right now,best android phone which can buy right now
best android phone to date,best android phone which is available to date
best android phone to get,best android phone to get
best android phone under $400,best android phone under the cost $400
best android phones 2019 uk,best android phones from 2019 in uk
best android phones for 2019,best android phones from available for 2019
best android phones for cheap,best android phones which are cheap
best android phones for developers,best android phones which suite for developers
best android phones right now,best android phones available right now
best android phones under 400,best android phones available under the price 400
best android qr code reader 2019,best qr code reader from 2019 for android
best android root app,best app to root android
best android root software,best software to root android
best android smartphone 2018,best android smartphone from 2018
best android smartphone deals,best deals for android smartphone
best android smartphone to buy,best smartphone running android to buy
best android smartphones 2019,best android smartphone from 2019
best android website,best website about android
best android websites,best websites about android
best android widget apps,best widget apps for android
best app for boarding passes android,best app for adding boarding passes via android
best app for wifi speed test,best app to test the speed of wifi
best app to find wifi password,best app to find the password of wifi
best apps for calendar,best calendar apps
best apps for google pixel 3,best apps for the phone google pixel 3
best apps to use with chromecast,apps best support to use with chromecast
best bargain android phone,best android phone to bargain
best benchmark app for android,best app to benchmark an android
best books for photographers,best books about photographers
best budget phone under 400,best budget phone under the price 400
best budget smartphone under 400,best budget smartphone under the price 400
best buy android phones,best buy for an android phones
best camera for outdoor portraits,best camera to capture outdoor portraits
best camera for website photos,best camera to take photos for a website
best camera on cell phone,cell phone with the best camera
best camera phone for video,phone with best camera for video
best camera phone under 400,best phone with camera under 400
best camera phones under 400,best phones with camera under 400
best cameras for car photography,best cameras for photography of car
best car charger for samsung galaxy s9 plus,best among the car chargers for samsung galaxy s9 plus
best car mount for samsung note 9,best car mount for the samsung note 9
best case for huawei mate 10 pro,the best case for huawei mate 10 pro
best case for motorola g6,the best case for motorola g6 phone
best case for samsung galaxy s9 plus,the best case for samsung galaxy s9 plus phone
best cases for samsung galaxy s8 plus,the best cases for samsung galaxy s8 plus
best cases for samsung galaxy s9 plus,the best cases for samsung galaxy s9 plus
best cell phone 2016,best cell phone from 2016
best cell phone apps,best apps for cell phone
best cell phone cameras 2018,best cell phone cameras from 2018
best cell phone for gaming,the best cell phone for gaming
best cell phones 2019 canada,best cell phones from 2019 in canada
best charger for note 10 plus,the best charger for note 10 plus
best charging cable for galaxy s9,the best charging cable for galaxy s9
best cheap android phone,the best cheap android phone
best cheap cell phone 2019,best cheap cell phone from 2019
best cheap verizon phone 2019,best cheap verizon phone from 2019
best compact android phone,best android phone which is also compact
best compact android phones,best android phones which are compact
best compact cell phone,best cell phone which is also compact
best compact samsung phone,best samsung phone which is also compact
best cover for samsung s9 plus,best of the cover for samsung s9 plus
best covers for samsung s9 plus,best of the covers for samsung s9 plus
best current android phone,best android phone currently available
best digital photography book,best book about digital photography
best droid phone verizon,best verizon phone which is droid
best durable phone 2019,best phone from 2019 according to durability
best fake gps app for pokemon go,best app with fake gps for pokemon go
best fake gps for pokemon go android,best app with fake gps for pokemon go for android
best feature android phone,feature android phone with the best quality
best fine art photography,the best fine art photography
best flagship phone 2019,best flagship phone in 2019
best flagship phones,flagship phones with the best quality
best free android app,best android app for free
best free android games 2017,best free android games in 2017
best free cell phone games,best cell phone games for free
best free game apps for android,best android game apps for free
best free games for android phones,free best games for android phones
best free mobile apps,best mobile apps for free 
best free phone app,best phone app for free 
best free phone apps for android,best android phone apps for free
best free sports apps for android,best android sports apps for free
best free tablet games,best tablet games for free
best free wifi app,best wifi app for free 
best fun games for android,best fun games for android phones
best galaxy note 10 screen protector,best for screen protector galaxy note 10
best galaxy phones 2019,best galaxy phones in 2019
best game for note 10 plus,best game app for note 10 plus
best games for galaxy note 10 plus,best games apps for galaxy note 10 plus
best games to play on android phone,best games for android phone
best google android phone,the best google android phone
best google mobile phone,the best google mobile phone
best google phones 2018,best google phones in 2018
best google pixel 2 accessories,best accessories for google pixel 2 
best google wear watch faces,what is the best google wear watch faces
best gps apk,what is the best gps apk
best gps app for android phone,what is the best gps app for android phone
best hacks for pokemon go,pokemon go best hacks
best high end android phone,best high end phone for android 
best huawei mate 10 pro screen protector,best screen protector for huawei mate 10 pro 
best inexpensive android phone,what is the inexpensive best android phone
best instagram photographers,who are the best instagram photographers
best iphone photography,best iphone for photography
best iphone to take pictures,best iphone with high picture quality
best large phone 2019,what is the largest best phone in 2019
best lighting for indoor photography,best lighting for the indoor photography
best looking android phone,android phone which is best looking
best memory card for galaxy s9,memory card best suited for galaxy s9
best memory card for samsung note 9,memory card best suited for samsung note 9
best memory card for samsung s9,memory card best suited for samsung s9
best micro sd card for galaxy note 9,micro sd card best suited for galaxy note 9
best micro sd card for galaxy s10,micro sd card best suited for galaxy s10
best micro sd card for galaxy s9 plus,micro sd card best suited for galaxy s9 plus
best micro sd card for note 8,micro sd card best suited for note 8
best micro sd card for samsung galaxy s9,micro sd card best suited for samsung galaxy s9
best micro sd card for samsung note 9,micro sd card best suited for samsung note 9
best micro sd card for samsung s10,micro sd card best suited for samsung s10
best micro sd card for samsung s8,micro sd card best suited for samsung s8
best mobile app,best app for mobile
best mobile application,best application for mobile
best mobile devices,mobile devices which are best
best mobile forum,best forum about mobile
best mobile phone 2016,best mobile phone from 2016
best mobile phone 2019 australia,best mobile phone from 2019 in australia
best mobile phone apps,best apps for mobile phone
best mobile phone for games,best games for mobile phone
best mobile phone for security,mobile phone with the best security
best mobile phone in uk,best mobile phone in the uk
best mobile phone to get,mobile phone which is best to get
best mobile phone upgrades,best upgrades for mobile phone
best mobile phones under $400,mobile phones which are best under $400
best mobile telephone,mobile telephone which is best
best model phone,best phone model
best moto mods,best mods for moto
best moto phones,best moto phones
best natural lighting for photography,best way for naturaly lighting for photography
best new android phone,new best android phone
best new android phones 2019,best new android phones from 2019
best new apps for android,new apps which are best for android
best new motorola phone,best new phones in motorola 
best new phone apps,new best phone apps
best new phones 2016,best new phones released in 2016
best new smartphone,best newly released smartphone
best new verizon phone,verizon best new phone
best of motorola phones,best motorola phones
best of smartphone,best smartphone
best online photography class,best online class for photography 
best outdoor photographers,best photographers for outdoor  photography
best overall cell phone,overall  best cell phone
best password app for android,best password app for android phones
best password manager android free,best free password manager android 
best performance android phone,android phone with best performance 
best phone applications,best applications for phone 
best phone benchmark app,best benchmark app for phone 
best phone case for lg g8 thinq,best phone case lg g8 thinq
best phone case samsung s9 plus,best phone case for samsung s9 plus
best phone for 400,best mobile phone for 400
best phone for android development,best phone which can be used for android development
best phone for developers,best phone can be used for developers
best phone for google fi,best suitable phone for google fi
best phone for teenager 2019,best phone  released in 2019  for teenager
best phone for the price,best phone based on the price
best phone for tmobile,best suitable phone for tmobile
best phone for video 2019,best phone for video viewing in 2019
best phone site,what is the best phone site
best phone under 350,best phone under the price 350
best phone under 400 dollars 2019,best phone under the price 400 dollars 2019
best phone under 800 dollars,best phone under the price 800 dollars
best phones 2018 under 300,best phones under 300 dollars in 2018
best phones 2018 under 400,best phones under 400 dollars in 2018
best phones 2019 australia,best phones in australia for 2019
best phones 2019 under 400,best phones under 400 dollars in 2019
best phones for 400 euros,best phones for the price 400 euros
best phones for google fi,best suitable phone for google fi
best phones in market,best phones in currently in market
best phones latest,latest best phones 
best phones out right now,best phones available right now
best phones under 250,best phones under the price 250
best phones under 400 dollars,best phones avilable under 400 dollars 
best phones under 400 euros,best phones avilable under 400 euros
best phones under 400 usd,best phones avilable under 400 usd
best phones with removable battery,best phones comes with removable battery
best photo websites for photographers,best photo websites available for photographers
best photographer near me,best photographer in my area 
best photography books 2018,best photography books released in 2018
best photography learning books,best books for photography learning
best photography learning websites,best websites for photography learning
best place in us for pokemon go,pokemon go best us location
best place to be in pokemon go,pokemon go best location to be in
best place to find pokemon go,best place can be found in pokemon go
best place to play pokemon,best place in play pokemon
best place to upgrade phone,best app to upgrade phone
best places to find pokemon,best places to find pokemon in pokemon go
best places to pokemon go,best places to play pokemon go
best places to sell photos,best places for photos selling
best platform to sell photos,best platforms for photos selling
best pokemon apps android,best pokemon apps for android
best pokemon finder app,best app for pokemon finder 
best pokemon go radar,best pokemon go radar app
best pool game for android 2018,best pool game for android in 2018
best processor for android mobile,android mobile best processor
best processor for android phone,android phone best processor
best pure android phone,what is the best pure android phone
best quality android phone,android phone with the best quality 
best rated android phone,what is the best rated android phone
best rated cell phones,what is the best rated cell phones
best rdp client for android,best android rdp client
best remote access app for android,best remote access app in android
best reviewed cell phones,cell phones with best reviews
best rom for s4,s4 best rom
best root apps xda,best xda root apps 
best root software for pc,best pc root software 
best root tool,what is the best root tool
best rootable phones,what are the best rootable phones
best samsung galaxy apps,best apps for samsung galaxy
best samsung galaxy s5 screen protector,best screen protector for samsung galaxy s5 
best samsung games,best games for samsung 
best samsung phone camera,samsung phone with best camera quality
best samsung s8 car mount,best car mount for samsung s8 
best screen protector for huawei p30 pro,best huawei p30 pro screen protector
best screen protector for lg g7,best lg g7 screen protector
best screen protector for lg g7 thinq,best lg g7 thinq screen protector
best screen protector for oneplus 5t,best oneplus 5t screen protector
best screen protector for pixel 2xl,best pixel 2xl screen protector
best screen protector for samsung galaxy s9 plus,best samsung galaxy s9 plus screen protector
best screen protector for samsung s8,what is the best screen protector for samsung s9
best sd card for galaxy s8,best galaxy s8 sd card
best sd card for lg g6,best lg g6 sd card
best sd card for s10 plus,best s10 plus sd card
best sd card for s9+,best s9+ sd card
best sd card for samsung note 8,best samsung note 8 sd card
best sd card for samsung s9 plus,what is the best sd card for samsung s9 plus
best selling android phone,what are the best selling android phone
best selling android phones,what are the best selling android phones
best site for mobile phones,best site for mobile phones
best site to buy mobile,best site for buy mobile
best sites to sell photography,best sites for sell photography
best small android phone 2019,best small android phone from 2019
best small android smartphone,best small smartphones of android
best small smartphones 2019,best small smartphones from 2019
best smartphone 2018 under 400,best smartphone released in 2018 for price under 400
best smartphone 2019 australia,best smartphone in australia 2019 
best smartphone 2019 canada,2019 best smartphone in canada
best smartphone app,best apps for smartphone 
best smartphone best price,best smartphone for best price
best smartphone camera under 400,best camera smartphone for price under 400
best smartphone compact,best compact smartphone 
best smartphone for developers,best smartphone suitable for developers
best smartphone forum,best forum for smartphones
best smartphone news site,best news site for smartphones
best smartphone online,best smartphone to order online
best smartphone overall,best smartphone with overall features
best smartphone under 400 2019,smartphone under 400 in 2019 with the best performance
best smartphone under 400 euro,smartphone under 400 euros with the best performance
best smartphone under 400 usd,smartphone under 400 usd with the best performance
best smartphone website,best website for smartphone 
best smartphones 2016,best smartphones released in 2016
best smartphones 2019 under 400,best smartphone released in 2019 for price under 400
best smartphones under 400 dollars,best smartphone under the price 400 dollars
best specs for gaming phone,best specs of a gaming phone
best still life photographers,best photographers in still life
best stock android phone,best android phone with stock android
best tempered glass for lg g7 thinq,tempered glass best suited for lg g7 thinq
best tempered glass for pixel 2 xl,tempered glass best suited for pixel 2 xl
best tempered glass for samsung s9 plus,tempered glass best suited for samsung s9 plus
best tempered glass screen protector lg g7 thinq,tempered glass screen protector best suited for lg g7 thinq
best text message backup app,best app to backup text message
best top 10 android phones,top 10 of best android phones
best unlocked android phone 2019,best android phone released in 2019 which is unlocked
best unlocked android phones 2018,best android phone released in 2018 which is unlocked
best unlocked android phones 2019,best android phones released in 2019 which are unlocked
best unlocked cell phones 2019,best cell phones released in 2019 which are unlocked
best unlocked smartphones 2019,best smartphones released in 2019 which are unlocked
best useful apps for android,best apps for android which are useful
best value cell phone 2019,best cell phone according to the value in 2019
best verizon cell phones,best cell phones that are verizon
best video camera android,best video camera for a android
best video recorder android,best video recorder for android
best way to digitize old photos,best way of digitizeing old photos
best way to hack pokemon go,best way of hacking pokemon go
best way to root android phone,best method to root android phone
best way to sell photography,best method to sell photography
best way to sell photos online,best method to sell photes online
best way to transfer contacts from iphone to android,best method to transfer contacts from iphone to android
best wear os face,best face for wear os
best website for phones,best website about phones
best website to buy a phone,best website facilitate to buy a phone
best website to buy phones,best website facilitate to buy phones
best websites to buy used phones,best website facilitate to buy used phones
best wifi network hacker,best hacker for wifi network
best wifi network hacker app,best hacker app for wifi network
best wifi password hacker for android,best hacker for android for wifi password
best wireless charger for lg g7 thinq,wireless charger best suited for lg g7 thinq
beta pubg mobile on play store,mobile pubg beta on google play store
biggest android phones,biggest of the android phones
biggest camera phone,phone with biggest camera
biggest sd card for note 9,biggest sd card supported for note 9
biggest sd card for s9,biggest sd card supported for s9
bigsby android,bigsby on android
bixby disable s10,disable bixby on s10
bixby home delete,delete bixby home
blackview 7000 pro review,review on blackview 7000
blackview bv7000 pro review,review on blackview bv7000 pro
blackview s8 review,review on blackview s8
block all incoming calls android app,android app to block all incoming calls
block pop up ads on samsung s9,samsung s9's pop up ads blocker
block pop ups on samsung s8,samsung s8's pop ups ads blocker
block pop ups on samsung s9,samsung s9's pop ups ads blocker
block the ads in android,blocking the ads on android
blocking phone number on samsung,how to block phone number on samsung
blu phone sd card issues,sd card issues in blu phone
blue download screen galaxy s7,blue download screen on galaxy s7
bluetooth contacts from iphone to android,transfer contacts from iphone to android via bluetooth
bolt by sphero,bolt created by sphero
book photoshoot near me,book a photoshoot around me
bouncer android,bouncer for android
brand new android phones,android phones that are brand new
budget android phones,budget phones in android 
bug reports android,reports of bug in android
building a photography portfolio,building a portfolio in photography
business card scanner android,scanner for bussiness card on android
business ideas for photographers,ideas for photographers about business
business photoshoot,photoshoot for business
business portrait photography tips,tips for business portrait photography
buy android install,buy and install android
buy cellular phone,buy a cellular phone
buy google play credit for someone else,buy credit for someone else from google play
buy moto mods,buy mods for moto
buy new android phone,buying a new android phone
buy sphero bolt,buy the sphero bolt app
cable charger for samsung s9,samsung s9 cable charger
cable mhl samsung j5,samsung j5 cable mhl 
calendar google android,google calendar for android
call history google duo,call history of google duo
call recorder android 9.0,call recorder for android 9.0
call recorder app for android 9,call recorder app compatible with android 9
call recorder app for android pie,call recorder app compatible with android pie
call recorder for note 8 android 9,call recorder for note 8 running android 9
call recording for android 9,call recording compatible for android 9
call recording in pie,call recording compatible in pie
call recording on android 9,how to record calls on android 9
call screen google pixel 3,call screen in google pixel 3
camera classes online,online camera classes 
camera downloading,download camera apps
camera for android phone,camera compatible with android phone
camera for photography business,suitable camera for photography business
camera ideas,ideas about camera
camera on phone blurry,phone's camera being blurry
camera phone app,camera app for phone 
camera phone photography,photography by camera phone
candid photography tips,tips for candid photography
candid photoshoot,photoshoot done candid
candid portrait photographers,photographers to capture candid portrait
candle portrait photography,candle portrait photography ideas
car charger for samsung note 9,samsung note 9 car charger
car photography angles,best angles for car photography 
car photography names,names for car photography 
carnival portraits,portraits of carnival
case sony xperia xz2 compact,sony xperia xz2 compact phone cases
cast xfinity stream to chromecast,stream xfinity app on chromecast
cell phone forum,forum about cell phone
cell phone forums,forums about cell phone
cell phone photography tips,tips for photography with cell phone
cell phone pictures,pictures of cell phone
cell phone reviews 2016,reviews about cell phone in 2016
cell phone upgrade checker,upgrade checker for cell phone
cell phone with replaceable battery,replaceable battery available cell phone
change alarm sound on google home,google home changing the alarm sound
change alarm tone on google home,google home changing the alarm tone
change bixby to google assistant s9,how to change bixby to google assistant on s9
change google home alarm music,change the alarm music of google home
change google home mini alarm sound,change the alarm sound on google home mini
changing apn settings,changing settings for apn
charger connects and disconnects,connects and disconnects the charger
charging cable for samsung galaxy s9,samsung glaxy s9 charging cable
charging cable for samsung galaxy s9 plus,samsung glaxy s9 plus charging cable
charging cord for galaxy s9 plus,glaxy s9 charging cords
charging cord for samsung galaxy s9,samsung glaxy s9 charging cords
charging cord for samsung s9 plus,samsung s9 plus charging cords
charging cords for samsung s9,samsung s9 charging cords
cheap mobile android phones,cheap android mobile phones
cheap photographer near me,cheap photographer in my area
cheap photoshoot ideas,low cost photoshoot ideas
cheap photoshoot near me,cheap photoshoot in my area
cheap professional pictures,professional pictures for low price
check charger usb port s9,how to check charger usb port s9
check for phone upgrade,how to check for phone upgrades
check for updates on my phone,how to check for new updates for my phone
check my phone upgrade,check for update in my phone
child photoshoot near me,photoshoot of child near me
chipset for gaming phone,chipset of the gaming phone
chrome for jelly bean,chrome available for jelly bean
chromecast amazon music,amazon music on chromecast
chromecast for gaming,gaming with chromecast
chromecast games multiplayer,games with multiplayer on chromecast
chromecast racing games,racing games with chromecast
cityscape photographers,photographers capture cityscape photos
click root,root with click
clock for android phone,clock on android phone
clone android to pc,clone android from pc
device maintenance app for android,android device maintenance apps
disable bixby note 10 plus,how to disable bixby in note 10 plus
disable google assistant voice activation,disabling of google assistant voice activation
disable google mic,how to disable google mic
disable hello google,how to disable hello google
dolby atmos galaxy s9 plus,how to use dolby atmos in galaxy s9 plus
dolby atmos in samsung,how to use dolby atmos in samsung
download android root,downloading android root
fastest android phone,which android phone has the fastest proccessor
features of latest iphone update,iphone update latest features 
features of pixel 3,pixel 3 phone features
features of samsung one ui,samsung one ui features
film portrait photographers,best photographers for film portrait
find a galaxy phone,best shpos to find a galaxy phone
find android phones,best shpos to find android phone
find apps for android,how to find & install apps in android
find connected wifi password android,how to find the password of the connected wifi in android
find firmware,find & download firmware for phone
find me a mobile phone,find a suitable mobile phone for me
find mobile app,find a mobile app in my phone
find my memos,find my memos in my phone
free pokemon go app,pokemon go app for free
free pokemon go game,pokemon go game for free
fun free games for android,free android fun game apps 
fun game apps for android,android fun game apps 
future android phones,android phones to be released in the future
g suite reminders,how to set reminders in g suite
g5s plus review,reviews for g5s plus 
g900v root,how to root g900v 
g960fz,Not Set
galaxy 9s screenshot,how to take screenshot in galaxy 9s
galaxy a note,Not Set
galaxy a3 reboot,how to reboot galaxy a3 
galaxy a5 android auto,does galaxy a5 work with android auto
galaxy a7 2017 vs s7,comparision for galaxy a7 2017 vs s7
galaxy amp prime 3 review,review for galaxy amp prime 3
galaxy android phones,android phones of galaxy sereies
galaxy note 10 5g at&t,at&t 5g for galaxy note 10
galaxy note 10 apps,apps for galaxy note 10
galaxy note 10 color options,color options available for galaxy note 10
galaxy note 10 comes with screen protector,does galaxy note 10 comes with screen protector
galaxy note 10 earphones,earphones for galaxy note 10 
galaxy note 10 google fi,can we have google fi on galaxy note 10 
galaxy note 10 plus vr,vr headset for galaxy note 10 plus
galaxy note 4 recovery booting,recovery booting for galaxy note 4 
galaxy note 4 screenshot,how to take a screenshot in galaxy note 4 
galaxy note 5 review,reviews on galaxy note 5
galaxy note 8 battery temperature too low,how to charge galaxy note 8 keeping battery temperature too low
galaxy note 8 cracked screen,galaxy note 8 cracked screen repair
galaxy note 8 remote control,galaxy note 8 with remote control option
galaxy note 8 screen replacement cost,screen replacement cost for galaxy note 8 
google messenger backup,how to backup messenger messeges in google drive
google mobile operating system,mobile operating system by google
google mobile os,mobile os by google
google nexus one,google nexus one smartphone
gta vc google play,gta vc on google play
gta vice city android review,review for gta vice city android
gta vice city game free download from google play store,how to download gta vice city game from google play store for free
gta vice city on play store,gta vice city play store
guide to digital photography,digital photography guides
guide to portrait photography,portrait photography guides
hack for android,android hacks
hack for pok√©mon go,pok√©mon go hacks
hack store android,hack store download for android
hacking wifi password using android mobile,how to hack wifi password using android mobile
hard restart xiaomi,xiaomi hard restart 
images of cameras,camera images
nexus 5 red led blinking,red led blinking in nexus 5
nexus 5x sd card slot,sd card slot fo the nexus 5x
no pokemon go,remove pokemon go
nokia 1 apps,apps for nokia 1
nokia 1 phone review,phone review for nokia 1
one plus 6 vs huawei p20 pro,one plus 6 vs huawei p20 pro comparision
perfect mobile phone,perfect mobile for phone for use
pet photo ideas,ideas for pet photographs
photo of a mirror,mirror photograph
samsung s9 wire,wire for samsung s9
sd card in note 9,note 9sd card slot
sd card on galaxy s9,galaxy s9 sd card slot
send gift card google play,how to send gift card via google play
sony z5 fingerprint,fingerprint for the sony z5
suitable phone for gaming,best phone for gaming
sync apple contacts to android,how to sync apple contacts with android 